item_id,High-level domain,writers_difficulty_estimate
rec06pnAkLOr2t2mp,Physics,Undergrad - Hard
rec0Arme2jcXQZnAW,Chemistry,Grad - Hard
rec0wZvZgiz320KRs,Physics,Undergrad - Hard
rec0yTRmO1o1xCA6H,Physics,Undergrad - Hard
rec1zl5LvaatzGhFt,Physics,Undergrad - Hard
rec260hNUCEj109Dj,Physics,Grad - Hard
rec2UlKqC6RFHdcro,Physics,Undergrad - Hard
rec2ZTsqazBZ3LTWZ,Biology,Undergrad - Hard
rec2fsnzUuvNtUYK8,Chemistry,Grad - Hard
rec4JrWy7Il8ho5vk,Physics,Grad - Hard
rec4L69T0Y1AS4AFS,Biology,Expert
rec4UqStf9WUVif1f,Physics,Undergrad - Hard
rec4r4KWNLrT7g2kR,Chemistry,Grad - Hard
rec527dNeEtWJrYNl,Biology,Undergrad - Hard
rec5eA17Qr1ucNLUf,Physics,Grad - Hard
rec5rjeLsEq5Fg7Oj,Chemistry,Grad - Hard
rec7C06XOB2h298ue,Chemistry,Undergrad - Hard
rec7qmSnbud4FHSqL,Physics,Grad - Hard
rec8nshandHARTkrg,Chemistry,Grad - Hard
rec8y3ZrBOcLgNEkE,Physics,Grad - Hard
rec9GugrngvsQR99A,Chemistry,Undergrad - Hard
rec9ubQihAh6g9bft,Chemistry,Undergrad - Hard
recA1i5ZAh0Uzclxp,Chemistry,Undergrad - Hard
recAAJoHMW45Lv5je,Chemistry,Grad - Hard
recBGxVySx1pkrO1i,Chemistry,Undergrad - Hard
recBXlqrZUCR897It,Chemistry,Undergrad - Hard
recBtVK8rBVtIlXDq,Biology,Undergrad - Hard
recCJJOeBGERaHYax,Chemistry,Undergrad - Hard
recD8oX1KevFbl7bL,Biology,Undergrad - Hard
recDDxpS9s8cwkqfq,Chemistry,Undergrad - Hard
recDj2Y2BbtV02Wv5,Chemistry,Grad - Hard
recDytVnNYZe2HuUU,Physics,Undergrad - Hard
recEmTBhx2hgw6tPQ,Chemistry,Undergrad - Hard
recFaL6j8UMhutXrc,Chemistry,Grad - Hard
recG1ljJQcVy6CbSl,Physics,Unrated
recGFKDUd8qgz81Zl,Physics,Grad - Hard
recGFNRVl1qBZGwyU,Chemistry,Undergrad - Hard
recHVUd2DkoKfedJZ,Chemistry,Undergrad - Hard
recI1ls9OXdxatHQn,Physics,Undergrad - Hard
recIDiDKKrN61Auyr,Chemistry,Undergrad - Hard
recIIUynGGpsGEYuo,Physics,Undergrad - Hard
recIMcQfaQNa6vzsT,Physics,Undergrad - Hard
recINSFEYLCyyd08m,Chemistry,Grad - Hard
recIOlKBsOeEcgkA1,Biology,Undergrad - Hard
recIj8lR4tuDgrHou,Physics,Grad - Hard
recIlghoOw5VbY4Zh,Chemistry,Undergrad - Hard
recJJcOHhFeSaRpl4,Chemistry,Grad - Hard
recJZ3QEfRKjYw9a7,Chemistry,Undergrad - Hard
recK9F5aqdaybl8bb,Chemistry,Grad - Hard
recKcjTwONILZqHAX,Physics,Expert
recKm6LNWykGapmCr,Physics,Undergrad - Hard
recKv4hFyNpViUXnL,Physics,Grad - Hard
recL9MFV5zmdlle5T,Chemistry,Undergrad - Hard
recLAgwx9vbgB5EHk,Chemistry,Undergrad - Hard
recLSzwBUS3olCjhl,Chemistry,Undergrad - Hard
recLrRirj7iXoB0rU,Physics,Grad - Hard
recN4DY9Q5V03glmQ,Physics,Undergrad - Hard
recNAiPUKOulQbKVP,Physics,Grad - Hard
recNFJjE5PPTqVJGv,Chemistry,Undergrad - Hard
recNu3MXkvWUzHZr9,Physics,Undergrad - Easy
recNuT2oSnO86bxOx,Chemistry,Undergrad - Hard
recO3hvCWRGiG0odN,Chemistry,Undergrad - Hard
recOYsaYs6RmtlTDy,Physics,Undergrad - Hard
recOkA2zsy4GSMD9R,Chemistry,Grad - Hard
recOvqPKUtyy9ISA1,Chemistry,Expert
recPL4ZPpVYxgMu57,Physics,Grad - Hard
recPSTGXK3P39yNYT,Physics,Undergrad - Hard
recPzW1WqRnPs57D6,Physics,Grad - Hard
recQ8oxSY2aCwFRS8,Physics,Undergrad - Hard
recQiWOxhkXRz9NVE,Chemistry,Grad - Hard
recRTiyaRymerDJ4y,Physics,Undergrad - Hard
recRgabRzMaEoBRcM,Chemistry,Grad - Hard
recS48OsU6kVadBPW,Physics,Grad - Hard
recSBcGLPatKb3Ygu,Physics,Undergrad - Hard
recTs7qzfJs6kfLUK,Biology,Unrated
recUBgVlkKzcRPDdK,Biology,Undergrad - Hard
recUOePh79cp4T2Bg,Chemistry,Grad - Hard
recV1nqYQvpII94oC,Physics,Undergrad - Hard
recVEXvhYxAhELVqB,Chemistry,Grad - Hard
recVvpD8miVjmmyfe,Biology,Grad - Hard
recWPMm91mGDLXONm,Chemistry,Undergrad - Hard
recWxGU8Q4YReJ1tb,Chemistry,Expert
recWzUUYBN0NuXO2k,Chemistry,Undergrad - Hard
recXsuOHRBLcyenF2,Physics,Expert
recXvQ6gWAmyakrpD,Physics,Grad - Hard
recYA3LPsCvF1fTMI,Chemistry,Undergrad - Hard
recYOzCsevNz61Lyn,Chemistry,Undergrad - Hard
recYt8xx80OTyDsL0,Biology,Undergrad - Hard
recZ13cwgDQf9jRd9,Chemistry,Expert
recZSGUkn56v9kEp1,Chemistry,Undergrad - Hard
recZWeueB7lSPR6wN,Chemistry,Grad - Hard
recZbxrocrxh9YENH,Chemistry,Undergrad - Hard
recZdZxsN0AxDx0pB,Biology,Expert
recZt4x514UQNnsgy,Chemistry,Undergrad - Hard
reca44yABeO2fx7UB,Chemistry,Grad - Hard
recaXdGn3FAIkxLGM,Physics,Undergrad - Hard
recafnH3RRnMBXEb1,Biology,Undergrad - Hard
recakFKZioXUuldcd,Chemistry,Undergrad - Hard
recb2M22zaD3tL6Qc,Chemistry,Undergrad - Hard
recb4cGsC6BJUCU3V,Chemistry,Undergrad - Hard
reccOKzFNmyqeJ6ry,Chemistry,Grad - Hard
reccVFW11Elovnf8T,Biology,Undergrad - Hard
recclFbsjbaiVVnnV,Chemistry,Undergrad - Hard
recdya6FuYraBU5Rh,Physics,Undergrad - Hard
receYQxnUBvxPcvbQ,Physics,Grad - Hard
receo3UUzRvWCqyfA,Chemistry,Grad - Hard
recf6ayQmL1SxKbvW,Biology,Grad - Hard
recgI6tUQ7RLJRWGx,Physics,Undergrad - Hard
recgM7o1tcc7tP778,Physics,Expert
recgXxEgllSGEpELP,Physics,Undergrad - Hard
rechKl68Uc6H7vU0N,Chemistry,Undergrad - Hard
rechgQucGlrnt8KRV,Physics,Undergrad - Hard
rechtUKxC6G67H7Pr,Chemistry,Undergrad - Hard
recihePFulRgNKsIn,Chemistry,Undergrad - Hard
reciuppdQde4FGX1z,Physics,Undergrad - Hard
recjJ54TXc04enRkZ,Chemistry,Grad - Hard
recjgMJaMxz4ESDF2,Chemistry,Undergrad - Hard
reck1zKeCssmN82Ga,Chemistry,Undergrad - Hard
reck4G4xxv3YnpbtQ,Chemistry,Undergrad - Hard
reckYqR92oJkqJXkE,Physics,Undergrad - Hard
reckl6PkaEMWM50yZ,Chemistry,Grad - Hard
recl1UtgTVKishAq4,Chemistry,Grad - Hard
recmI7EiLv72PxmYK,Physics,Undergrad - Hard
recmkvk6EFAmqyMxR,Physics,Undergrad - Hard
recmwwQJnx7ll7bqL,Physics,Undergrad - Easy
recn3NhOhqAPLda16,Chemistry,Grad - Hard
recnGEpF1srQpaqWq,Chemistry,Undergrad - Hard
recnTTKdBzfuoZ7w7,Biology,Expert
recnawZPumSCLMVgp,Chemistry,Undergrad - Hard
recnjViFrqlZNL3fY,Physics,Grad - Hard
reco8WSc71p8zAv4q,Chemistry,Undergrad - Hard
recooG6bivTUJpDBz,Chemistry,Undergrad - Hard
recoy9ZLBsc7HIRBy,Chemistry,Undergrad - Hard
recpJmTOXx6T48nDJ,Chemistry,Undergrad - Hard
recpki12iG9RUGrz9,Physics,Undergrad - Hard
recqFDvYKKRmbnoUb,Physics,Undergrad - Easy
recqGD3fxPCI59vPQ,Physics,Undergrad - Hard
recqLRu4BcJvlSANc,Chemistry,Undergrad - Hard
recr3VHM4zYf6dMFY,Chemistry,Undergrad - Hard
recrHBEJJoDTV05JR,Chemistry,Undergrad - Hard
recrNbtgTNoabJJi6,Chemistry,Undergrad - Hard
recrs0kUo7Ua1xhKO,Physics,Undergrad - Hard
recs3PLPUEMiqg4P8,Chemistry,Grad - Hard
rect4iLrSfUwkNTno,Physics,Undergrad - Hard
rectXfsCM1dj4Kv2c,Chemistry,Undergrad - Hard
rectlyG9pCAAuWhoB,Chemistry,Grad - Hard
recuYEkVjdVUwA3c0,Physics,Undergrad - Hard
recuyeuT5rQ6qDt8F,Chemistry,Grad - Hard
recv7GsQg3f0fvB1f,Chemistry,Unrated
recvZlMbpPz0yLDle,Chemistry,Undergrad - Hard
recvlnu8BuLmXZhSX,Physics,Undergrad - Hard
recw4rROcnHKNZhtK,Biology,Undergrad - Hard
recxTy0x7M6T9ikc0,Chemistry,Undergrad - Hard
recxsX66ktJ1Lwt4f,Chemistry,Undergrad - Hard
recyPffUDqC2k7ZZO,Physics,Undergrad - Hard
recyl3usDqb7ruXJx,Chemistry,Undergrad - Hard
recypVp2NmPlBKVTp,Biology,Grad - Hard
reczQ4I0VpENdMtIj,Biology,Grad - Hard
reczUoM8JsxU6pYxr,Physics,Grad - Hard
reczjcMtrB1YGS2fO,Physics,Grad - Hard
reczzzihL7btBH7RO,Physics,Undergrad - Hard
rec0VuKUjt1SZ7NYv,Physics,Undergrad - Hard
rec1oj2DveQWl9Rpw,Chemistry,Undergrad - Hard
rec32C1ZEapBnCC0E,Physics,Undergrad - Hard
rec47oNPXudlTIk4y,Chemistry,Grad - Hard
rec6sE2CRtD4drtHg,Physics,Grad - Hard
rec9W28HgpEUeUN8k,Physics,Expert
recAYkd96NNuNl1Ei,Biology,Undergrad - Hard
recBhnXrUyTJ6WHIR,Physics,Grad - Hard
recE2ihVfqEK4R9d0,Physics,Undergrad - Hard
recGee5m84dg5FZkc,Chemistry,Undergrad - Hard
recINGR1z01Fh1Z3A,Physics,Grad - Hard
recJpyGtGIsxulevT,Physics,Grad - Hard
recLB0EkQ54bYVhnd,Physics,Undergrad - Hard
recMicVBcqy1xM1jq,Physics,Expert
recPIzpnuYpB4yvmp,Physics,Undergrad - Hard
recRZjaElf8ft7xTq,Physics,Undergrad - Hard
recReg13iV2HwJTaA,Physics,Undergrad - Hard
recRhwQwHijW0gCLo,Physics,Grad - Hard
recUc29lMDBEvurYo,Physics,Unrated
recVE8cUNHpHZIAvL,Physics,Undergrad - Hard
recWXwn9v4IG9ZrM6,Physics,Grad - Hard
recXsYa3i2UhGF5fe,Chemistry,Undergrad - Hard
recYCMJWH7IpcdqwE,Chemistry,Undergrad - Hard
recatj4YXzbOaq3Ar,Physics,Undergrad - Hard
recb80OwMgNnceA9t,Chemistry,Undergrad - Hard
reccVBrYdwsB84fGy,Physics,Undergrad - Hard
recfTlTMjZBuOducT,Physics,Undergrad - Hard
recgC4GJ8wUemlUQD,Physics,Grad - Hard
recixxJmdux0d8LZQ,Chemistry,Undergrad - Hard
reckEnrOPFT9Ru7tW,Chemistry,Grad - Hard
recoiTJPGUmzAkief,Physics,Undergrad - Hard
recwW1A85nfyQpReG,Physics,Undergrad - Hard
recwlwlcPvXVNPmvl,Physics,Expert
recyrk6XBVwugG5u8,Physics,Grad - Hard
recywRj5a8EEjj2Ib,Physics,Grad - Hard
recz3MfYHPRhsEQkW,Chemistry,Undergrad - Hard
reczkBiPPNrNN49Hp,Chemistry,Grad - Hard
